title,description
Product name,Electronic Kanban App
Main features,electronic kanban supply chain tracking pull system lean kaizen supermarket continuous flow material handling ergonomics
New Feature: Kanban Board,A brand new Kanban board has been added to our system
Improvement: UI Update,The UI has been improved
Feature: Mobile App,A new version of our mobile app has been released.
Digital Workflow, Electronic Kanban visualizes project stages.
Real-Time Updates, E-Kanban provides instant progress insights.
Increased Efficiency, Digital Kanban streamlines tasks seamlessly.
Collaborative Tool, E-Kanban fosters teamwork effectively.
Task Visibility, E-Kanban displays all project tasks transparently.
Customizable Boards, Digital Kanban adapts to specific workflows.
Reduced Paper Use, E-Kanban promotes a paperless environment.
Improved Planning, E-Kanban assists better project organization.
Progress Tracking, E-Kanban monitors project status precisely.
Easy Accessibility, Digital Kanban is available on any device.
Workflow Automation, E-Kanban can automate certain actions.
Enhanced Communication, E-Kanban facilitates better team dialogue.
Bottleneck Identification, Digital Kanban highlights problem areas.
Data-Driven Insights, E-Kanban provides analytics for improvements.
Flexible Adjustments, Digital Kanban allows changes anytime.
Remote Collaboration, E-Kanban supports distributed teams.
Simplified Management, E-Kanban makes project oversight easier.
Faster Task Flow, E-Kanban speeds up the development process.
Improved Agility, E-Kanban enhances adaptability to changes.
Modern Project Management, Electronic Kanban is key for modern teams.